tj_count,n_pitcher_years,n_pitchers,risk_rate
0,4082,856,0.7113976995468805
1,1554,371,0.2708260718020216
2,102,30,0.017776228651097944
